chrom,chrA01_3098245,chrA01_3099138,chrA01_3099139,chrA09_28062170,chrA09_28105728,chrA09_28270683,ASV3382
KF19Q100,NN,TT,CC,TT,AA,CC,0
KF19Q101,CC,CC,TT,AT,AA,CC,0
KF19Q102,CC,CC,TT,AA,NN,TT,0.000813727
KF19Q108,CC,CC,TT,AT,AA,CC,0.002122651
KF19Q109,CC,CC,TT,TT,AA,CC,0
KF19Q10,CC,CC,TT,TT,NN,CC,0.000709645
KF19Q111,CC,CC,TT,TT,AA,CC,0.001912704
KF19Q112,CC,CC,TT,TT,AA,CC,0
KF19Q114,CC,CC,TT,TT,AA,CC,0
KF19Q115,CC,CC,TT,TT,AA,CC,0
KF19Q116,CC,CC,TT,TT,AA,CC,0
KF19Q117,CC,CC,TT,AT,AA,CC,0.002173757
KF19Q118,CC,CC,TT,TT,AA,CC,0
KF19Q119,CC,CT,CT,AT,AA,CT,0
KF19Q11,CC,CC,TT,TT,AA,CC,0.001029648
KF19Q122,CC,CC,TT,TT,AA,CC,0.000963498
KF19Q123,CT,CT,CT,AT,AA,CC,0.002399192
KF19Q124,CC,CC,TT,AT,AA,CC,0
KF19Q125,TT,TT,CC,AT,AA,CC,0.001349142
KF19Q126,CC,CC,TT,AT,AA,CC,0
KF19Q127,TT,CC,TT,TT,AA,CC,0.000674873
KF19Q128,TT,CC,TT,AT,AA,CC,0
KF19Q12,CC,CC,TT,TT,AA,CC,0.000909088
KF19Q130,NN,CC,TT,AT,AA,CC,0
KF19Q131,CC,CC,TT,TT,AA,CC,0
KF19Q132,CC,CC,TT,AA,NN,CC,0.001283377
KF19Q133,CC,CC,TT,TT,AA,CC,0.001774502
KF19Q134,TT,CC,TT,AA,AG,CC,0.000611807
KF19Q135,CC,CC,TT,AA,AA,TT,0
KF19Q138,CC,CC,TT,AA,AA,CC,0.000887248
KF19Q139,CC,CC,TT,TT,AA,CC,0.001219356
KF19Q13,NN,CC,TT,TT,AA,CC,0.001987446
KF19Q140,TT,CC,TT,TT,AA,CC,0.00079193
KF19Q143,CC,CC,TT,TT,AA,CC,0.000609542
KF19Q144,TT,CT,CT,AT,AA,CC,0.00339176
KF19Q145,CC,CC,TT,TT,AA,CC,0.002266197
KF19Q146,CC,CC,TT,TT,AA,CC,0
KF19Q147,CC,CC,TT,TT,AA,CC,0
KF19Q149,TT,TT,CC,AT,AG,CC,0.003690256
KF19Q14,CC,CT,CT,TT,AA,CC,0
KF19Q150,CC,CC,TT,AT,AA,CC,0.001522528
KF19Q151,NN,CC,TT,TT,AA,CC,0.001469007
KF19Q152,CC,CC,TT,TT,AA,CC,0.002200825
KF19Q154,CT,TT,CC,TT,AA,CC,0.002247476
KF19Q155,CC,CC,TT,AT,AA,NN,0.000906617
KF19Q156,CC,CC,TT,TT,AA,CC,0.00183482
KF19Q158,CC,CC,TT,TT,AA,CC,0.000959746
KF19Q159,CC,CC,TT,TT,AA,CC,0
KF19Q15,CC,TT,CC,TT,AA,CC,0.000789637
KF19Q160,CC,CC,TT,AA,AA,CC,0
KF19Q161,CC,CC,TT,AT,AA,CC,0
KF19Q162,CC,CC,TT,TT,AA,CC,0.002882395
KF19Q163,CC,TT,CC,AT,AA,CC,0.002123318
KF19Q164,CC,CC,TT,AT,AA,CC,0.002315179
KF19Q16,CC,NN,NN,TT,AA,TT,0
KF19Q172,CC,CC,TT,AT,AA,CC,0.002688025
KF19Q173,CC,CC,TT,TT,AA,NN,0.000757389
KF19Q175,CC,CC,TT,AT,AA,CC,0.00316599
KF19Q177,CC,CC,TT,TT,AA,CC,0
KF19Q179,CT,CT,CT,NN,AA,CC,0.005491175
KF19Q17,CC,TT,CC,AT,AA,CC,0
KF19Q180,CC,CC,TT,AT,AA,CC,0.002885503
KF19Q184,NN,TT,CC,AT,NN,CC,0.002522391
KF19Q185,CT,CC,TT,TT,NN,CC,0.00613239
KF19Q186,CC,CC,TT,AT,AA,CC,0.002860598
KF19Q18,CC,CC,TT,TT,AA,CC,0
KF19Q190,CC,CC,TT,AA,AA,NN,0.002065455
KF19Q191,CC,CC,TT,TT,AA,CC,0.001336566
KF19Q193,CC,CC,TT,TT,AA,CC,0.002609649
KF19Q195,CT,TT,CC,TT,AA,NN,0.002011572
KF19Q196,CC,CC,TT,AT,AA,CC,0.0022511
KF19Q197,CC,CC,TT,TT,AA,CC,0.004066488
KF19Q198,CC,CC,TT,AT,AA,CC,0
KF19Q199,CC,CC,TT,AA,AG,TT,0.001640403
KF19Q19,CC,CC,TT,AT,AA,CC,0
KF19Q200,CC,CC,TT,TT,AA,CC,0.002737966
KF19Q201,CC,CC,TT,AT,AA,CC,0.000812969
KF19Q203,CC,CC,TT,TT,AA,CC,0.002780182
KF19Q204,CC,CC,TT,AT,AA,TT,0.002764576
KF19Q205,NN,TT,CC,AT,AA,CC,0
KF19Q206,CT,TT,CC,AA,AA,TT,0.002385785
KF19Q20,CC,CC,TT,TT,AA,CC,0
KF19Q210,CC,CC,TT,AA,GG,CC,0.003129883
KF19Q211,CC,TT,CC,AT,AA,CC,0.003629624
KF19Q212,TT,TT,CC,AA,AG,TT,0.003941274
KF19Q218,CC,TT,CC,TT,AA,CC,0.001963351
KF19Q219,CT,CT,CT,AT,AG,CT,0.004297963
KF19Q21,TT,TT,CC,AT,AA,TT,0.000735975
KF19Q221,CC,CC,TT,TT,AA,TT,0.001480576
KF19Q222,CC,CC,TT,AA,AA,CC,0
KF19Q223,CC,CC,TT,AA,GG,TT,0.001593355
KF19Q224,TT,TT,CC,AA,AA,CC,0.002789392
KF19Q225,NN,TT,CC,AT,AA,CC,0.001700152
KF19Q226,TT,TT,CC,AA,GG,TT,0.004780996
KF19Q228,CT,CT,CT,TT,AA,CC,0.003444855
KF19Q231,CC,CC,TT,AA,AG,CC,0.00340311
KF19Q232,CC,CC,TT,AT,AA,CC,0.00323988
KF19Q234,TT,TT,CC,AA,AA,TT,0.001465687
KF19Q235,NN,NN,NN,AA,AG,CC,0.004201276
KF19Q236,NN,CC,TT,AA,AA,CC,0.001218628
KF19Q237,NN,TT,CC,AA,AG,CC,0.001007634
KF19Q238,TT,TT,CC,AA,NN,CC,0.003833741
KF19Q239,TT,CT,CT,AA,AG,CC,0.007565083
KF19Q23,CC,CC,TT,TT,AA,CC,0
KF19Q240,CT,TT,CC,AA,AG,CC,0.004845577
KF19Q241,TT,TT,CC,AT,AA,CC,0.004685191
KF19Q242,CC,CC,TT,AT,AG,CT,0.005818939
KF19Q245,TT,TT,CC,AT,AA,TT,0.004009899
KF19Q246,CC,CC,TT,AA,AA,CC,0.001899689
KF19Q247,CC,CC,TT,AT,AA,CC,0.001197129
KF19Q248,CC,CT,CT,AA,AG,CT,0.002025773
KF19Q249,CT,CT,CT,TT,AA,CC,0.001221929
KF19Q24,CC,CC,TT,AT,AA,CC,0
KF19Q250,NN,TT,CC,AT,AA,CC,0.000730683
KF19Q251,CC,CC,TT,AT,AA,CC,0.003462683
KF19Q252,CC,CC,TT,AT,AA,CC,0.00090662
KF19Q253,CC,CC,TT,TT,AA,CC,0.000770811
KF19Q255,CC,CC,TT,AA,AA,TT,0
KF19Q257,CC,CC,TT,TT,AA,CC,0.001286669
KF19Q259,CC,CC,TT,TT,AA,CC,0
KF19Q25,CC,CC,TT,AA,AA,TT,0.000617315
KF19Q260,TT,TT,CC,AA,NN,TT,0.002172341
KF19Q261,CT,CT,CT,AT,AA,CC,0.002273448
KF19Q262,CC,CC,TT,AT,AA,CC,0.001213558
KF19Q263,CC,TT,CC,TT,AA,CC,0.000694973
KF19Q265,CC,CT,CT,AT,AA,CC,0.001206404
KF19Q266,CC,TT,CC,AA,AA,CC,0
KF19Q267,CC,CC,TT,AT,AA,NN,0
KF19Q269,NN,TT,CC,TT,AA,CC,0
KF19Q270,TT,TT,CC,AT,AA,CC,0.001642029
KF19Q271,CC,CC,TT,AA,GG,TT,0.002118305
KF19Q272,CT,CT,CT,AT,AA,CC,0.002536864
KF19Q273,CC,CC,TT,TT,AA,CC,0.001472031
KF19Q274,NN,NN,NN,TT,AA,CC,0.00116384
KF19Q275,CC,CC,TT,AA,GG,CC,0.001830742
KF19Q276,CT,TT,CC,AT,AG,CC,0.001555428
KF19Q277,CC,CC,TT,AT,AA,CC,0.002374273
KF19Q27,CC,CC,TT,AA,NN,TT,0
KF19Q29,CC,CT,CT,AT,AA,CC,0.00258715
KF19Q2,CC,CC,TT,TT,AA,CC,0.001697159
KF19Q30,CC,CC,TT,AA,GG,TT,0.002691023
KF19Q31,TT,TT,CC,AA,NN,TT,0.001788846
KF19Q33,TT,TT,CC,NN,AA,CC,0.001791327
KF19Q41,CC,CC,TT,TT,AA,CC,0
KF19Q43,NN,TT,CC,TT,AA,CC,0
KF19Q44,NN,TT,CC,TT,AA,CC,0.001650675
KF19Q45,CC,CC,TT,TT,AA,CC,0.000938101
KF19Q4,CC,CC,TT,TT,AA,NN,0.001042501
KF19Q51,TT,CT,CT,TT,AA,CC,0
KF19Q52,CC,CC,TT,AT,AA,CC,0.000785472
KF19Q54,CC,CC,TT,TT,AA,CC,0.001288486
KF19Q55,CC,CC,TT,AA,NN,CC,0.000930064
KF19Q56,CC,CC,TT,AT,AA,CT,0
KF19Q57,CC,CT,CT,TT,AA,CC,0
KF19Q58,CC,CC,TT,TT,AA,CC,0
KF19Q59,CC,CC,TT,TT,AA,CC,0.001393914
KF19Q5,CC,TT,CC,TT,AA,CC,0.000876173
KF19Q60,CC,CT,CT,AA,AA,CC,0.001099559
KF19Q61,CC,TT,CC,TT,AA,CC,0.001700591
KF19Q62,CC,CC,TT,TT,AA,CC,0.001444545
KF19Q64,CT,CT,CT,TT,AA,CC,0.001407308
KF19Q66,CC,CC,TT,AT,AA,CC,0.00147118
KF19Q67,CC,CC,TT,TT,AA,CC,0.001225605
KF19Q69,CC,CC,TT,AA,AA,TT,0.001612138
KF19Q75,CC,TT,CC,AT,AA,CC,0.001169628
KF19Q7,CC,CC,TT,TT,AA,CC,0.002445625
KF19Q83,CC,CC,TT,TT,AA,CC,0.000540957
KF19Q86,CC,TT,CC,AT,NN,CC,0.00107897
KF19Q87,TT,TT,CC,TT,AA,TT,0.000868215
KF19Q88,CC,CC,TT,AT,AA,CC,0.000559451
KF19Q91,CC,CC,TT,AT,AA,CC,0
KF19Q94,CC,CC,TT,TT,AA,CC,0
KF19Q98,CC,CC,TT,AA,NN,CC,0
KF19Q99,CC,CC,TT,AA,AA,NN,0
KF19Q9,CC,CC,TT,AT,AA,CC,0.002632013
