chrom,chrA01_3099138,chrA01_3099139,chrA09_28062170,chrA09_28105728,chrA09_28270683,ASV3382
YL101,CC,TT,AA,NN,CC,0
YL103,CC,TT,AA,AA,NN,0
YL105,TT,CC,TT,AA,CC,0.000813727
YL106,CC,TT,TT,AA,CC,0.002122651
YL107,CC,TT,AA,NN,TT,0
YL10,CC,TT,TT,NN,CC,0.000709645
YL115,CC,TT,TT,AA,CC,0.001912704
YL116,CC,TT,TT,AA,CC,0
YL118,CC,TT,TT,AA,CC,0
YL119,CC,TT,TT,AA,CC,0
YL11,CC,TT,TT,AA,CC,0
YL121,CC,TT,TT,AA,CC,0.002173757
YL122,CC,TT,TT,AA,CC,0
YL123,CC,TT,TT,AA,CC,0
YL124,CC,TT,TT,AA,CC,0.001029648
YL125,CC,TT,TT,AA,CC,0.000963498
YL126,CC,TT,AT,AA,CT,0.002399192
YL129,CC,TT,TT,AA,CC,0
YL12,CC,TT,TT,AA,CC,0.001349142
YL130,CC,TT,TT,AA,CC,0
YL131,CC,TT,AT,AA,CC,0.000674873
YL132,CC,TT,TT,AA,CC,0
YL133,CC,TT,TT,AA,CC,0.000909088
YL134,CC,TT,TT,AA,CC,0
YL135,CC,TT,TT,AA,CC,0
YL137,CC,TT,TT,AA,CC,0.001283377
YL138,CC,TT,TT,AA,CC,0.001774502
YL139,CC,TT,AA,NN,CC,0.000611807
YL13,CC,TT,TT,AA,CC,0
YL140,CC,TT,TT,AA,CC,0.000887248
YL142,CC,TT,AA,AG,CC,0.001219356
YL143,CC,TT,AA,AA,TT,0.001987446
YL146,CC,TT,AA,AA,CC,0.00079193
YL147,CC,TT,TT,AA,CC,0.000609542
YL148,CC,TT,TT,AA,CC,0.00339176
YL14,CT,CT,TT,AA,CC,0.002266197
YL151,CC,TT,TT,AA,CC,0
YL152,CT,CT,AT,AA,CC,0
YL153,CC,TT,TT,AA,CC,0.003690256
YL154,CC,TT,TT,AA,CC,0
YL155,CC,TT,TT,AA,CC,0.001522528
YL157,TT,CC,AT,AG,CC,0.001469007
YL158,CC,TT,TT,AA,CC,0.002200825
YL159,CC,TT,TT,AA,CC,0.002247476
YL15,TT,CC,TT,AA,CC,0.000906617
YL160,CC,TT,AT,AA,CC,0.00183482
YL162,TT,CC,AT,AA,CC,0.000959746
YL163,CC,TT,TT,AA,NN,0
YL164,CC,TT,TT,AA,CC,0.000789637
YL166,CC,TT,TT,AA,CC,0
YL167,CC,TT,TT,AA,CC,0
YL168,CC,TT,AT,AA,CC,0.002882395
YL169,CC,TT,TT,AA,CC,0.002123318
YL16,CC,TT,TT,AA,TT,0.002315179
YL170,CC,TT,TT,AA,CC,0
YL171,CC,TT,TT,AA,CC,0.002688025
YL173,CC,TT,AT,AA,CC,0.000757389
YL17,TT,CC,TT,AA,CC,0.00316599
YL180,CC,TT,AT,AA,CC,0
YL181,CC,TT,TT,AA,NN,0.005491175
YL183,CC,TT,AT,AA,NN,0
YL185,CC,TT,TT,AA,CC,0.002885503
YL187,CT,CT,TT,AA,CC,0.002522391
YL188,CC,TT,AT,AA,CC,0.00613239
YL18,CC,TT,TT,AA,CC,0.002860598
YL192,TT,CC,AT,AA,CC,0
YL194,CC,TT,TT,NN,CC,0.002065455
YL195,CC,TT,AT,AA,CC,0.001336566
YL199,CC,TT,AA,AA,NN,0.002609649
YL19,CC,TT,TT,AA,CC,0.002011572
YL200,CC,TT,TT,AA,CC,0.0022511
YL202,CC,TT,TT,AA,CC,0.004066488
YL204,TT,CC,AT,AA,NN,0
YL205,CC,TT,AT,AA,CC,0.001640403
YL206,CC,TT,TT,AA,CC,0
YL207,CC,TT,AT,AA,CC,0.002737966
YL208,CC,TT,AA,NN,TT,0.000812969
YL209,CC,TT,TT,AA,CC,0.002780182
YL20,CC,TT,TT,AA,CC,0.002764576
YL210,CC,TT,AT,AA,CC,0
YL213,CC,TT,TT,AA,CC,0.002385785
YL214,CC,TT,AT,AA,TT,0
YL215,TT,CC,AT,AA,CC,0.003129883
YL216,TT,CC,AA,AA,TT,0.003629624
YL21,TT,CC,AT,AG,TT,0.003941274
YL221,CC,TT,AA,NN,CC,0.001963351
YL222,TT,CC,AA,GG,TT,0.004297963
YL223,TT,CC,AA,AG,TT,0.000735975
YL229,TT,CC,AT,AA,CC,0.001480576
YL230,CC,TT,AA,NN,TT,0
YL232,CC,TT,AT,AA,TT,0.001593355
YL233,CC,TT,AA,AA,CC,0.002789392
YL234,CC,TT,AA,GG,TT,0.001700152
YL235,TT,CC,AA,AA,CC,0.004780996
YL236,TT,CC,AA,NN,TT,0.003979025
YL237,TT,CC,AT,AA,CC,0.003444855
YL239,CT,CT,AT,AA,CC,0.00340311
YL23,CC,TT,TT,AA,CC,0.00323988
YL242,TT,CC,AA,AG,CC,0.001465687
YL243,CC,TT,AT,AA,CC,0.004201276
YL245,TT,CC,AA,AA,TT,0.001007634
YL246,TT,CC,AA,AG,CC,0.003833741
YL247,CC,TT,AA,AA,CC,0.007565083
YL248,TT,CC,AA,AG,CC,0
YL249,TT,CC,AA,NN,CC,0.004845577
YL24,CC,TT,AT,AA,CC,0.004685191
YL250,TT,CC,AT,AG,CT,0.005818939
YL251,TT,CC,AA,AG,CC,0.004009899
YL252,TT,CC,AT,AA,CC,0.001899689
YL253,CC,TT,AA,NN,TT,0.001197129
YL256,TT,CC,AT,AA,TT,0.002025773
YL257,CC,TT,AA,AA,CC,0.001221929
YL258,CC,TT,AT,AA,CC,0
YL259,TT,CC,AA,AG,TT,0.000730683
YL25,CC,TT,AA,AA,TT,0.003462683
YL260,CC,TT,AA,AA,CC,0.00090662
YL261,CC,TT,AT,AA,CC,0.000770811
YL262,CC,TT,AT,AA,CC,0
YL263,TT,CC,AT,AA,CC,0.001286669
YL264,CC,TT,AA,AA,CC,0
YL266,CC,TT,AA,AA,TT,0.000617315
YL269,CC,TT,TT,AA,CC,0.002172341
YL271,CC,TT,AT,AA,CC,0.002273448
YL272,TT,CC,AA,GG,TT,0.001213558
YL273,CT,CT,AT,AA,CC,0.000694973
YL274,CC,TT,AT,AA,CC,0.001206404
YL275,TT,CC,TT,AA,CC,0
YL277,TT,CC,AA,AA,CC,0
YL278,TT,CC,AA,AG,CC,0
YL279,CC,TT,AT,AA,NN,0.001642029
YL27,CC,TT,AA,NN,TT,0.002118305
YL281,TT,CC,TT,AA,CC,0.002536864
YL282,TT,CC,AT,AA,CC,0.001472031
YL283,CC,TT,AA,AG,TT,0.00116384
YL284,CT,CT,AT,AA,CC,0.001830742
YL285,CC,TT,TT,AA,CC,0.001555428
YL286,CC,TT,AT,AA,CC,0.002374273
YL287,CC,TT,AA,AG,CC,0
YL288,TT,CC,AA,NN,CC,0.00258715
YL289,CC,TT,AT,AA,CC,0.001697159
YL29,CC,TT,TT,AA,CC,0.002691023
YL2,CC,TT,TT,AA,CC,0.001788846
YL30,CC,TT,AA,GG,TT,0.001791327
YL31,TT,CC,AA,NN,TT,0
YL34,TT,CC,TT,AA,CC,0
YL43,CC,TT,TT,AA,CC,0.001650675
YL45,TT,CC,TT,AA,CC,0.000938101
YL46,TT,CC,TT,AA,CC,0.001042501
YL47,CC,TT,TT,AA,CC,0
YL4,CC,TT,AT,AA,NN,0.000785472
YL53,CC,TT,AT,AA,CC,0.001288486
YL55,CC,TT,AT,AA,CC,0.000930064
YL57,CC,TT,TT,AA,CC,0
YL58,CC,TT,AA,NN,CC,0
YL59,CC,TT,AT,NN,CC,0
YL5,TT,CC,TT,AA,CC,0.001393914
YL60,CC,TT,AT,AA,TT,0.000876173
YL61,CC,TT,TT,AA,CC,0.001099559
YL62,CC,TT,AA,AA,CC,0.001700591
YL63,CC,TT,TT,AA,CC,0.001444545
YL64,TT,CC,TT,AA,NN,0.001407308
YL65,CC,TT,TT,AA,CC,0.00147118
YL67,TT,CC,AA,NN,NN,0.001225605
YL69,TT,CC,AA,AA,TT,0.001612138
YL70,CC,TT,TT,AA,CC,0.001169628
YL72,CC,TT,AA,AA,TT,0.002445625
YL78,TT,CC,AT,AA,NN,0.000540957
YL7,CC,TT,TT,AA,CC,0.00107897
YL86,CC,TT,TT,AA,CC,0.000868215
YL89,TT,CC,AT,AG,CC,0.000559451
YL90,TT,CC,TT,AA,TT,0
YL91,CC,TT,TT,AA,CC,0
YL94,CC,TT,TT,AA,CC,0
YL97,CC,TT,TT,AA,CC,0
YL9,CC,TT,AT,AA,CC,0.002632013
